Playlist Id,Channel Id,Time Created,Time Updated,Title,Description,Visibility
LLjCRzbcN-U7Hlou32jl2AKw,UCjCRzbcN-U7Hlou32jl2AKw,2017-03-06 05:10:28 UTC,2021-05-15 16:32:47 UTC,Liked videos,,Private


Video Id,Time Added
iy3A6z_4ZEo,2021-05-15 16:32:47 UTC
HNd5HHTqwbE,2021-05-15 15:10:52 UTC
 -JjRf93wKHA,2021-05-15 14:50:25 UTC
q58HHsyiQU4,2021-05-15 13:57:29 UTC
6z1qYaI32_A,2021-05-15 13:29:50 UTC
fGPkASPLuHI,2021-05-15 13:04:12 UTC
DLkC-Bs7Lqo,2021-05-15 06:48:35 UTC
7tZy6zrdNJA,2021-05-15 06:45:10 UTC
CWXowtaGw3k,2021-05-15 05:55:31 UTC
arxfJ17VaIU,2021-05-14 14:32:56 UTC
V5-AT8moQos,2021-05-14 13:34:00 UTC
T3f8UJlwf2o,2021-05-14 13:19:21 UTC
Q_un22RdxrU,2021-05-14 13:15:23 UTC
ky6sWL48v3o,2021-05-14 12:53:30 UTC
UAcJfUxWQ5c,2021-05-14 12:42:38 UTC
H9Cp6jxvRi8,2021-05-14 12:24:33 UTC
iZcOYmMyG-E,2021-05-13 12:23:30 UTC
YYKD-xf0JOk,2021-05-13 11:50:38 UTC
uo2kXlimCYs,2021-05-13 11:38:13 UTC
J5vuoAfkk98,2021-05-13 06:29:27 UTC
pcx3eRQeObY,2021-05-13 05:15:47 UTC
jJ7mo1b2Uq0,2021-05-13 04:45:59 UTC
UHxsG5ijQrU,2021-05-12 16:38:50 UTC
yl1tAJqrZcU,2021-05-12 15:12:20 UTC
e2qG5uwDCW4,2021-05-12 15:01:04 UTC
Vsy-b_RzRqU,2021-05-12 14:53:28 UTC
g_-vP0Qul8g,2021-05-12 14:49:20 UTC
fSfHYxDiuCc,2021-05-12 14:39:27 UTC
6Dz4pJQ_ctc,2021-05-12 14:33:37 UTC
CxPIur4Qizw,2021-05-12 14:19:31 UTC
EFHi8XA5KCs,2021-05-12 14:10:47 UTC
o3a5unFZ7uY,2021-05-12 13:57:54 UTC
FjBgDr-FpGc,2021-05-12 13:51:04 UTC
_aKquq1mOQ0,2021-05-11 19:00:40 UTC
sX8NQHye4cg,2021-05-11 18:48:33 UTC
bYh3g_fSbJc,2021-05-11 18:39:28 UTC
dIGdjBadWqY,2021-05-11 15:45:06 UTC
609Jlr3lv9Q,2021-05-11 15:08:55 UTC
L-2-qiT4pnE,2021-05-11 14:51:09 UTC
jeKB0m9Z06s,2021-05-11 14:40:54 UTC
uATNPAGEJOg,2021-05-11 14:35:15 UTC
sbKLCy90RlU,2021-05-11 14:04:19 UTC
4VX1P_X5ZvA,2021-05-11 12:04:23 UTC
qrdcNAjnqUc,2021-05-11 10:44:26 UTC
22xdL8ZCVWk,2021-05-11 10:25:06 UTC
GZM-NRn9Yf0,2021-05-11 10:07:58 UTC
wil4IIZEt-c,2021-05-11 09:27:17 UTC
slXrBYht9KQ,2021-05-11 06:58:10 UTC
QnzrqePHo5U,2021-05-11 06:36:55 UTC
ES4nBVwjpiU,2021-05-11 06:25:04 UTC
ypBbg3-WbD4,2021-05-11 06:14:44 UTC
qEygdC7nmcU,2021-05-11 06:12:03 UTC
_kUDTJA1KWk,2021-05-11 06:06:59 UTC
6FnbPTaoahM,2021-05-11 05:51:20 UTC
826mxiKjoP0,2021-05-11 05:42:17 UTC
t7ghnCtOjjU,2021-05-10 15:59:10 UTC
ubE_ac2wYPQ,2021-05-10 14:11:21 UTC
tle1j6uo8_w,2021-05-10 07:37:32 UTC
60PwTgPY9vg,2021-05-09 14:13:16 UTC
_dAMFjKmTWg,2021-05-08 13:25:20 UTC
kR2v-aY7B3M,2021-05-08 11:52:18 UTC
eX4Py032pDw,2021-05-08 11:48:27 UTC
grtqVLTz3TQ,2021-05-08 05:28:56 UTC
X1JpwegsMAM,2021-05-07 14:58:15 UTC
aLo3PJwzZaQ,2021-05-07 14:49:51 UTC
iaYxi752yHs,2021-05-06 16:37:23 UTC
XMhdnFX7L7k,2021-05-05 16:39:11 UTC
uHUpuON1y08,2021-05-05 16:36:30 UTC
42K4KhAwMq4,2021-05-05 16:27:03 UTC
KoFU01TNvl4,2021-05-05 16:24:11 UTC
BpKvpZsDhWQ,2021-05-05 16:17:44 UTC
guSyeokX1Uw,2021-05-05 08:39:54 UTC
E2IsYMGtyQc,2021-05-05 08:36:24 UTC
oSkVZTANTT0,2021-05-04 13:30:01 UTC
n9epyv_Fe5U,2021-05-02 15:39:02 UTC
wKEs2Bo9GmY,2021-05-02 11:09:34 UTC
T6_Bvdc_dFU,2021-05-02 11:09:28 UTC
jiUgpdYcbjs,2021-05-02 10:57:59 UTC
1GU1jvNMaXE,2021-05-02 07:55:18 UTC
bMQN-uJa2Ac,2021-05-02 05:30:47 UTC
osSpZKk4rfk,2021-05-02 05:14:29 UTC
HwBFSyIcIFI,2021-05-02 05:10:19 UTC
_28ih_kFJvs,2021-05-01 18:22:41 UTC
wccq2vbS1Rg,2021-05-01 18:09:54 UTC
cw8dmP53iBs,2021-05-01 13:58:50 UTC
7idlsBSM85M,2021-05-01 13:42:53 UTC
Dt-Q6imqyUc,2021-05-01 13:40:40 UTC
0m-6LCQN8jA,2021-05-01 13:35:04 UTC
YFDZVbmWbXM,2021-05-01 13:29:20 UTC
tWEwGS4KBy0,2021-05-01 13:24:00 UTC
hqS77Yzc8kY,2021-05-01 13:19:18 UTC
2R58Nwc0vyU,2021-05-01 13:08:00 UTC
4NsUuTJ-5kQ,2021-04-29 17:01:42 UTC
Sv03leLfGFM,2021-04-29 16:40:38 UTC
kqWmSqwgvVU,2021-04-29 16:40:34 UTC
YBrirDz0Ww8,2021-04-29 11:50:00 UTC
gG2RTa7Sybg,2021-04-28 18:07:16 UTC
wD__jpWgWkQ,2021-04-26 14:35:03 UTC
nIp2aIUFsSA,2021-04-26 10:18:46 UTC
fruIchhQalQ,2021-04-26 05:49:51 UTC
GTrMLwMLzH0,2021-04-26 05:41:59 UTC
lSuillN8DaY,2021-04-26 03:43:09 UTC
VHb_XIql_gU,2021-04-25 18:15:00 UTC
4dVfk8V6l2s,2021-04-25 14:48:00 UTC
sdWQrDfV18A,2021-04-24 09:56:50 UTC
xjj_OVvVQFc,2021-04-24 05:56:45 UTC
AveG60RtKPM,2021-04-23 09:15:42 UTC
l_WctwpvfD8,2021-04-23 06:07:09 UTC
AUwaq93jsg4,2021-04-23 05:59:38 UTC
EzbDlTUYkJ8,2021-04-23 05:49:40 UTC
QTxW2tR4Cuo,2021-04-23 05:45:09 UTC
S9RHoXB5kiY,2021-04-21 11:12:24 UTC
1YzNotdztm8,2021-04-21 11:01:14 UTC
A6lGiUA4evg,2021-04-21 10:31:46 UTC
 -PrHTl0dBrg,2021-04-20 14:08:28 UTC
uq6XV_WAHyc,2021-04-20 09:22:15 UTC
gPy2DHHnlqQ,2021-04-19 12:13:38 UTC
wYDk0lOIY6E,2021-04-19 11:39:49 UTC
xa15OaOJm-I,2021-04-16 12:05:49 UTC
o9XE151jDxg,2021-04-16 11:55:25 UTC
tPEt7pJ1zMs,2021-04-16 11:50:25 UTC
wRsifVOjiQw,2021-04-16 11:43:22 UTC
ICspINBhvxE,2021-04-16 05:50:11 UTC
EVfwltypM9c,2021-04-16 03:23:34 UTC
hrZduVyfoEs,2021-04-16 03:20:07 UTC
02nFGcia31M,2021-04-15 14:40:23 UTC
lIzETcoGHgE,2021-04-15 13:40:09 UTC
29BtNd5ly48,2021-04-14 13:13:08 UTC
KMXDlkdaO5s,2021-04-14 12:41:45 UTC
BlpbLX4dMCA,2021-04-14 12:07:14 UTC
sHbu68T7-wI,2021-04-14 11:41:03 UTC
-6Y9LFBCi48,2021-04-13 12:44:01 UTC
NCaGuyHfD6Q,2021-04-13 12:34:15 UTC
rLoRTD9LZ-E,2021-04-13 11:54:35 UTC
o7Jp2EotvV4,2021-04-13 11:45:19 UTC
4-P9OEAwm3M,2021-04-13 11:41:08 UTC
_yP2Gqkw1rA,2021-04-12 18:01:41 UTC
hnUhD0oqS9U,2021-04-12 17:56:06 UTC
qxbvFILLlWo,2021-04-12 17:49:41 UTC
UAiYLEsJNpY,2021-04-12 17:40:55 UTC
JQz5l55qtsY,2021-04-12 17:32:09 UTC
UY-9L-I3Oq4,2021-04-12 10:50:56 UTC
jazeXHnL8Xk,2021-04-11 16:30:10 UTC
QWC2G3eheWE,2021-04-11 14:21:18 UTC
Xn6E6GxU0vU,2021-04-11 14:16:41 UTC
d2O11c9nNq0,2021-04-11 14:09:32 UTC
AjeE10OtHUk,2021-04-11 14:00:11 UTC
xQaV43Cptlg,2021-04-11 13:47:30 UTC
Tz54FrpbloY,2021-04-11 13:32:02 UTC
489zHoy5_hU,2021-04-11 13:26:52 UTC
odNAb1D5j18,2021-04-11 10:34:00 UTC
yAn_59XS5Do,2021-04-11 10:29:51 UTC
w80sthOJXr4,2021-04-11 06:28:56 UTC
0WU9Fb39mXc,2021-04-10 14:39:31 UTC
8V6GeZDX3fk,2021-04-10 14:39:23 UTC
ScReQ-Cvi5E,2021-04-10 14:35:43 UTC
XB7-XVibmbM,2021-04-10 14:21:37 UTC
GM5uwmXAScY,2021-04-10 12:27:41 UTC
bAfnWMd3flE,2021-04-08 18:02:45 UTC
cAuCPYrw0J8,2021-04-08 17:22:17 UTC
BowrqOiPQIY,2021-04-08 17:13:05 UTC
HZTUXLvC_bU,2021-04-08 13:48:07 UTC
M6wqa86TnRk,2021-04-08 13:44:05 UTC
9jdLnFYQh4s,2021-04-08 13:14:17 UTC
C_19-eqJNzc,2021-04-07 14:49:48 UTC
B2OO8RSxymU,2021-04-07 14:15:22 UTC
ETCdkkXGDlo,2021-04-07 14:13:39 UTC
I0BdC5444XQ,2021-04-07 14:06:00 UTC
nkJgS2JR2hA,2021-04-07 13:56:53 UTC
GurYJCXelP4,2021-04-07 13:40:46 UTC
sFskE9WEj0A,2021-04-07 13:40:41 UTC
zb_ZO34_9ms,2021-04-07 10:32:32 UTC
7yh9i0PAjck,2021-04-06 17:53:24 UTC
rY-FJvRqK0E,2021-04-06 17:40:04 UTC
9wiEM0s4aCQ,2021-04-05 19:12:37 UTC
DhCKLOhk4qU,2021-04-05 19:00:11 UTC
92kAKGSh5oU,2021-04-05 17:58:19 UTC
L9c0_1lk7Eo,2021-04-05 06:36:20 UTC
B6SlFaF7Bww,2021-04-05 06:35:35 UTC
mVeyD7fAXaU,2021-04-05 06:34:51 UTC
EX6lng1YiD4,2021-04-05 06:22:38 UTC
oaZ7570ECBw,2021-04-05 06:14:46 UTC
QtHO0P4bKrY,2021-04-04 12:35:06 UTC
OVqLUFHMDjM,2021-04-04 12:23:43 UTC
mSuwP7rFo00,2021-04-04 11:59:04 UTC
HwfX-0Df4U0,2021-04-04 11:47:02 UTC
t8qVdgwVhO8,2021-04-04 11:42:28 UTC
DZ6neeHf7yI,2021-04-04 11:35:56 UTC
JDceFg5HhE4,2021-04-04 11:17:13 UTC
bbq0yK1erH8,2021-04-04 10:49:22 UTC
iMr69JihnP4,2021-04-04 09:56:07 UTC
e5NLJAfqmeU,2021-04-03 06:15:58 UTC
PnOmpYR-DaE,2021-04-03 06:04:49 UTC
bOqIT7w1Hlc,2021-04-03 05:52:37 UTC
UhPlaK5pQ_c,2021-04-03 05:47:07 UTC
1WWS3yh2Dm8,2021-04-03 05:41:49 UTC
cwk2_CDeDnw,2021-04-03 05:02:41 UTC
4BQ8_gYIY8s,2021-04-03 05:02:38 UTC
bI9EIhsutcc,2021-04-03 04:48:32 UTC
t60roHM1t7o,2021-04-03 04:39:21 UTC
RoLTPcD1S4Q,2021-04-03 04:31:51 UTC
Cb3nGYGQ0J4,2021-04-02 18:35:05 UTC
gqNI9XZQFco,2021-04-02 05:01:01 UTC
_tZf935fPV0,2021-03-31 15:14:24 UTC
s2HjBlw8izo,2021-03-31 15:00:33 UTC
7gbwDUQ3xmY,2021-03-31 14:31:46 UTC
CZ4QLs2jSWg,2021-03-31 07:11:55 UTC
y3ZpI7Z7fws,2021-03-31 06:28:31 UTC
Lx57to-9mGw,2021-03-30 16:50:45 UTC
7F-gq0ZmGps,2021-03-30 16:45:09 UTC
RSnWe1obOZk,2021-03-30 10:06:05 UTC
XiXj6IduJUw,2021-03-30 05:09:42 UTC
s9KZkyn2PcI,2021-03-30 05:04:17 UTC
xniRJsus8pk,2021-03-30 04:58:03 UTC
LvcQeOU2je4,2021-03-30 04:50:56 UTC
yYkWFTLnmuY,2021-03-30 04:33:50 UTC
RLoyZe0tbvI,2021-03-29 18:58:02 UTC
KxPL-0zhcbM,2021-03-29 18:56:10 UTC
ny75fvZA9EA,2021-03-29 18:44:18 UTC
 -kbtWBWCJaI,2021-03-29 18:22:19 UTC
pDPxlUfFa14,2021-03-29 15:43:01 UTC
XdS4Ge0ojB0,2021-03-29 15:40:59 UTC
e9qt36Itqlo,2021-03-29 14:18:39 UTC
JFEeCB4_oAg,2021-03-29 14:09:31 UTC
 -WxtjpOlwCU,2021-03-29 08:48:57 UTC
AuZ2F29wZ-I,2021-03-29 08:40:51 UTC
iEep91Tz93A,2021-03-29 07:53:28 UTC
4oconz7PrdE,2021-03-29 06:24:41 UTC
v1fD5RSoq3E,2021-03-28 06:56:50 UTC
9a-cUQel5D8,2021-03-25 12:23:30 UTC
NtASA3eeLSM,2021-03-25 12:13:03 UTC
3ApkgnSHbuI,2021-03-25 02:57:16 UTC
CTy1C6-uKHs,2021-03-24 15:01:28 UTC
m0NUyhaULb4,2021-03-24 14:48:50 UTC
qAgJ16B4g8Q,2021-03-24 14:45:07 UTC
9lmNXLNzIbs,2021-03-24 14:28:49 UTC
PuCqOJi2wDk,2021-03-24 14:04:22 UTC
s-8lUvdmnlQ,2021-03-23 06:13:20 UTC
1Fuf7IkZj0Y,2021-03-21 16:26:45 UTC
a3qH9JjXJ-M,2021-03-21 14:21:55 UTC
e95AYrvZIno,2021-03-21 14:17:45 UTC
Z4W5gX7KHFE,2021-03-21 14:05:34 UTC
tDcA7m8IyNk,2021-03-21 12:52:04 UTC
wjZH_8EmFvQ,2021-03-21 07:21:11 UTC
HxZFH-XCBvU,2021-03-21 07:14:26 UTC
wa9iLZWEcoA,2021-03-21 07:08:50 UTC
J1XrEpIVEpY,2021-03-21 06:16:16 UTC
X1M5M2dd5fY,2021-03-18 15:01:37 UTC
JFIoMh3KSaE,2021-03-17 13:14:04 UTC
_ytL_BwtrY4,2021-03-17 12:52:50 UTC
zu55DSwlZaU,2021-03-17 12:51:45 UTC
nMvNO-XS6Es,2021-03-17 12:48:36 UTC
hQ5PFlYU9sk,2021-03-17 12:38:21 UTC
362ymTDuTr4,2021-03-17 12:25:28 UTC
tODW3YPAclA,2021-03-16 15:11:03 UTC
iT2kStWiUVw,2021-03-16 10:04:12 UTC
6q3QkuH3dLw,2021-03-16 09:53:06 UTC
8TmTSAf_H1A,2021-03-16 09:36:21 UTC
arNkB9vxS3Q,2021-03-16 07:21:22 UTC
BVomQtrtMTM,2021-03-15 09:13:56 UTC
lb_e3xpkRnw,2021-03-14 11:28:33 UTC
4E3gYiUbXpk,2021-03-14 11:22:12 UTC
82xvDwEvOxA,2021-03-14 05:27:21 UTC
TSTo_D9ImS0,2021-03-14 05:24:11 UTC
wr_uEoePdNc,2021-03-13 13:15:15 UTC
87cZTOaIMRA,2021-03-13 13:06:36 UTC
LKt8XLr8q9k,2021-03-13 13:01:50 UTC
UK3RMiKdlkY,2021-03-13 12:54:07 UTC
6MhKKPPUd4E,2021-03-13 12:44:50 UTC
uXTKZryD8yY,2021-03-13 12:33:07 UTC
ZYIXNsiVowI,2021-03-13 08:19:00 UTC
2jmhZdk7d3c,2021-03-12 11:36:39 UTC
BzPYvrGWJgA,2021-03-12 08:27:31 UTC
riCXZCJSF5M,2021-03-12 08:17:42 UTC
QcGg29-CbR8,2021-03-12 07:00:09 UTC
GFOk-uUfRr0,2021-03-12 05:45:00 UTC
sZYgsZPAPSs,2021-03-12 05:41:21 UTC
FAlNsZYSyks,2021-03-11 10:08:17 UTC
H2UkgJY24ig,2021-03-09 09:31:28 UTC
muxrX1OdFk4,2021-03-09 02:44:41 UTC
ba5NLeUmleo,2021-03-08 05:01:08 UTC
vw8QKlefNWw,2021-03-08 03:28:45 UTC
s51RHnuSXBc,2021-03-07 18:13:49 UTC
gxahcZzjRoY,2021-03-07 18:09:10 UTC
u6SprU1FMKU,2021-03-07 17:54:06 UTC
SsV1O-xJoW8,2021-03-07 17:53:05 UTC
s6PdJEQ3XDo,2021-03-07 17:42:47 UTC
o_pLLMVecbQ,2021-03-07 17:39:08 UTC
D7RNQIMf76M,2021-03-07 17:33:50 UTC
3a2zpi9YEdM,2021-03-07 16:50:40 UTC
qeSKQoZofTc,2021-03-07 16:44:02 UTC
5SVr4cayxIU,2021-03-07 16:33:45 UTC
acg9ukzBwqg,2021-03-07 16:19:10 UTC
EssffHluL5w,2021-03-07 14:01:25 UTC
4ptgVKcTYsE,2021-03-07 13:58:24 UTC
iUXOg76vfDc,2021-03-07 10:56:00 UTC
_uJDnBAikrQ,2021-03-07 07:32:50 UTC
s2Lo047gK0U,2021-03-07 07:28:02 UTC
opw2wXR6kVM,2021-03-07 07:16:29 UTC
5HFZTFW4r14,2021-03-07 06:58:26 UTC
o0kmeLN3Vys,2021-03-07 06:55:40 UTC
sHgccQQVVHo,2021-03-07 06:20:19 UTC
W7KAgm__-zA,2021-03-06 15:29:35 UTC
9TI8fStHMjY,2021-03-03 03:48:33 UTC
Xdcpxs7wh90,2021-03-02 14:38:39 UTC
sS328JdTytU,2021-03-02 06:35:42 UTC
MU3EOO4fWQo,2021-03-02 06:26:43 UTC
o4LXu2y6whE,2021-03-02 05:25:00 UTC
p0tQLPPYcRY,2021-03-01 18:00:48 UTC
AWukhfiSZVU,2021-03-01 17:44:29 UTC
ixS1D0Lu8Ds,2021-03-01 03:11:32 UTC
Jx5KJQb0pDo,2021-03-01 03:11:00 UTC
kwxApqwsGE4,2021-03-01 03:10:48 UTC
pOxEn9bRFeA,2021-02-28 15:15:14 UTC
3X7t1mpboco,2021-02-28 15:14:21 UTC
K_qyHBfNoGY,2021-02-28 15:04:21 UTC
HH1l5okI9mE,2021-02-28 14:44:29 UTC
VJDXOWqs_HI,2021-02-28 14:25:03 UTC
OLa-xBpvhcc,2021-02-28 14:13:38 UTC
uDrEBazk2xo,2021-02-28 13:59:50 UTC
VvMGaTxq0p0,2021-02-28 10:46:16 UTC
K2fCpgGZyAI,2021-02-27 08:28:27 UTC
Ke9AYeHZIY0,2021-02-26 17:13:11 UTC
EvGrmxOzEDE,2021-02-26 17:02:40 UTC
d5WdPTbAIkc,2021-02-25 15:29:43 UTC
HTUFM9Aq3jA,2021-02-25 15:15:50 UTC
YE5hTDAvVuk,2021-02-25 05:11:07 UTC
ZdnAtvKJFBE,2021-02-25 05:07:23 UTC
hKR1Kj44KSw,2021-02-25 04:35:44 UTC
9y6sQZZIQNg,2021-02-25 04:19:40 UTC
uikmmCi-aB0,2021-02-25 04:08:43 UTC
XUoEGjyVz5s,2021-02-24 18:03:13 UTC
KP6TxlRieiM,2021-02-24 12:50:44 UTC
j6Keg3XKKjM,2021-02-24 12:29:14 UTC
yr_HIrfr7is,2021-02-24 12:26:16 UTC
AT3vjLCWzo0,2021-02-24 12:19:30 UTC
CPgPxGX6nNo,2021-02-24 10:06:05 UTC
iYKXdt0LRs8,2021-02-24 09:49:28 UTC
QaNLmg5zXqw,2021-02-23 18:18:36 UTC
hB4TE-MuApk,2021-02-23 18:08:59 UTC
egWo4nwSw90,2021-02-23 15:07:29 UTC
IIzYkkny5vs,2021-02-23 15:02:12 UTC
cZCm_i6YvAk,2021-02-21 06:27:12 UTC
x7KaT6cmeKY,2021-02-21 06:22:49 UTC
y83Czo-sZwA,2021-02-21 05:57:12 UTC
tEXYfT_G0W0,2021-02-21 05:19:26 UTC
bAY-ssNscXQ,2021-02-20 13:19:04 UTC
5mF4pKSi2SU,2021-02-20 03:54:32 UTC
_A33lWx8_C8,2021-02-19 10:24:32 UTC
7zJOJPCJSus,2021-02-19 10:21:46 UTC
N5j6THVX2K0,2021-02-19 09:41:01 UTC
XbX8cj-c-nE,2021-02-19 09:35:16 UTC
2TgBxQatEM4,2021-02-17 04:12:01 UTC
OphqjeGqhbs,2021-02-17 02:16:41 UTC
RvbjcIQNZJ8,2021-02-17 02:11:02 UTC
RaiDJsqhEGc,2021-02-17 01:41:00 UTC
qIXIH0XHKwk,2021-02-16 16:56:04 UTC
SKMLY4zmELw,2021-02-16 16:53:03 UTC
9CF0sZoRNvs,2021-02-16 16:44:11 UTC
gBcDLWs8f2I,2021-02-16 11:48:35 UTC
kEcPI54XZDI,2021-02-15 16:03:12 UTC
UWnPtAlNwJE,2021-02-15 15:10:39 UTC
ZKBqJdjHEUs,2021-02-15 15:09:15 UTC
GbpnAGajyMc,2021-02-15 15:02:09 UTC
t6Sx1uaFT38,2021-02-15 14:41:52 UTC
VO0a899sd1E,2021-02-15 07:13:34 UTC
JS8mYXlN0B4,2021-02-15 07:07:00 UTC
uCOdcze1Ies,2021-02-15 06:35:38 UTC
tFibsJYZSDs,2021-02-14 15:23:31 UTC
vP2O88rD8X8,2021-02-13 16:30:07 UTC
tzEjrqWIIc4,2021-02-13 16:28:09 UTC
AgPQZldbkw4,2021-02-13 15:35:09 UTC
ZeHwynUVxBw,2021-02-13 15:15:32 UTC
9xmDUSyP268,2021-02-13 15:02:08 UTC
ngg5-nC3K0c,2021-02-13 14:30:13 UTC
In9V-SFAldA,2021-02-13 14:30:06 UTC
nLnDm8t9Mng,2021-02-13 14:30:02 UTC
 -V079uSLYcw,2021-02-13 14:29:58 UTC
zVtEBow2E7g,2021-02-13 11:34:33 UTC
uv2dQwm9F4U,2021-02-13 10:51:28 UTC
qU9mHegkTc4,2021-02-13 10:42:53 UTC
2o9KfyPqQzY,2021-02-13 10:42:51 UTC
KTroLJbP3u4,2021-02-13 10:20:06 UTC
k451jvC5EYo,2021-02-13 10:01:32 UTC
 -PIC0wb8jgY,2021-02-13 09:23:33 UTC
JjXEXox3668,2021-02-13 09:11:38 UTC
rMAh5zdR6VA,2021-02-13 07:15:26 UTC
sVPzmG9qGLw,2021-02-13 07:04:54 UTC
VDwVNE04hkM,2021-02-13 06:18:14 UTC
 -CQt-ShwNH4,2021-02-13 06:13:29 UTC
3uPJ1Tl5U94,2021-02-13 05:42:39 UTC
JYHH0ogYN8M,2021-02-13 05:30:54 UTC
8nkTQSKQqME,2021-02-13 05:27:18 UTC
kVSePhFRfnA,2021-02-13 04:04:54 UTC
mgD1fz-QlLo,2021-02-13 04:00:33 UTC
5sWfO6ND2NY,2021-02-13 03:44:01 UTC
_dnE7Mq-6qY,2021-02-12 18:42:48 UTC
7ug41DBUJOw,2021-02-12 18:18:06 UTC
KEum8nUzr-Y,2021-02-12 18:03:45 UTC
wNcz5AagtaU,2021-02-12 18:01:43 UTC
V1aeh3NbMDQ,2021-02-12 17:15:24 UTC
2Hg3rNTVTRc,2021-02-12 16:42:12 UTC
f_KhSJvPT-g,2021-02-12 15:58:46 UTC
iZ0MybCijIU,2021-02-12 15:50:06 UTC
UljWXU_izgs,2021-02-12 15:23:40 UTC
OVUXpaEDTv8,2021-02-12 15:11:28 UTC
MQCTWx9fSzc,2021-02-12 15:10:10 UTC
KlUPBSG4H48,2021-02-12 14:05:28 UTC
kwPZKKiNb30,2021-02-12 13:42:20 UTC
p4y4eT1cJ54,2021-02-12 13:08:50 UTC
VB1smzOMNa0,2021-02-12 12:56:16 UTC
zrKQ9BuHAqQ,2021-02-11 15:44:29 UTC
mjP6m814O7U,2021-02-11 15:25:42 UTC
WP4ZIZYCzwo,2021-02-10 06:45:03 UTC
DBUJ7aIEbE8,2021-02-09 13:18:21 UTC
 -k1ZRVamoZI,2021-02-07 11:34:14 UTC
HYPMQTar8w0,2021-02-07 11:17:12 UTC
lpWKB8RErOk,2021-02-07 11:13:14 UTC
cQ5hIocwIO8,2021-02-07 11:04:44 UTC
g0jAS7XjJWI,2021-02-07 10:58:57 UTC
yywzQbZcDL0,2021-02-06 08:18:15 UTC
6jiu9TlR11o,2021-02-05 10:23:59 UTC
y9DNl9QD0fQ,2021-02-05 08:22:18 UTC
SqiV-2TO-QQ,2021-02-02 17:13:34 UTC
wFn9YMN6F7o,2021-02-01 10:42:13 UTC
f8IHn0v2sNk,2021-02-01 10:29:39 UTC
aNQ3pyngtYM,2021-02-01 03:56:35 UTC
vq5NvJvr55Q,2021-01-31 14:19:21 UTC
gyzWmOZhEFA,2021-01-31 13:15:29 UTC
lIWZuKMCH30,2021-01-31 10:48:06 UTC
uAg2cvR9OwE,2021-01-31 10:03:50 UTC
L86tbBjkCOY,2021-01-30 12:42:14 UTC
JeAqzRzNmSY,2021-01-30 12:42:07 UTC
8ECPu3iumnE,2021-01-30 08:57:00 UTC
jiRUH9b33dA,2021-01-30 08:37:01 UTC
2tfJQfKTvh0,2021-01-28 18:15:22 UTC
X3eOeTQo47A,2021-01-28 17:55:59 UTC
kGxOaDdg2kI,2021-01-26 15:09:34 UTC
ex_On2pyFFY,2021-01-25 14:50:58 UTC
rbnlp8q3Rsk,2021-01-25 14:23:05 UTC
8N768T-5Ujs,2021-01-25 13:40:23 UTC
B56WXAR7KpM,2021-01-25 12:45:32 UTC
ZE5zXLOyEOQ,2021-01-25 12:30:07 UTC
ItL_kEXMtXM,2021-01-25 09:05:40 UTC
Tiqxn3iOmxY,2021-01-20 15:57:23 UTC
7K1WVFL8_oU,2021-01-19 11:07:33 UTC
btIQvYcLNoI,2021-01-17 10:34:23 UTC
IX0vZK_l7tU,2021-01-17 10:08:50 UTC
bE4C4n5khe0,2021-01-17 09:27:46 UTC
g1hq5y5q518,2021-01-17 09:24:28 UTC
wULeXeQkqd0,2021-01-17 09:20:14 UTC
BhYKN21olBw,2021-01-17 09:14:44 UTC
P7lE-G1oC34,2021-01-17 09:08:59 UTC
CfihYWRWRTQ,2021-01-16 18:43:56 UTC
dmVAmlpbnD4,2021-01-16 18:39:31 UTC
SYKU7DfEJT4,2021-01-16 18:37:34 UTC
Oh0IAMg1kYI,2021-01-16 18:35:06 UTC
PYdm_Z1wnQ0,2021-01-16 18:26:06 UTC
oYKQGTV-rJ4,2021-01-16 18:20:12 UTC
Z9e7K6Hx_rY,2021-01-16 18:16:16 UTC
2DfiyXbUHVc,2021-01-16 18:03:25 UTC
eT6dLJd3rYk,2021-01-16 17:58:34 UTC
5sprUadfZBo,2021-01-16 17:19:06 UTC
siO6dkqidc4,2021-01-16 17:10:46 UTC
tBvAxSx0nAM,2021-01-16 17:07:28 UTC
s1Uhx4teIqQ,2021-01-16 16:45:57 UTC
06ht9MyJLT4,2021-01-16 16:41:01 UTC
djs5PtlW-XQ,2021-01-16 16:35:56 UTC
rkI034qKG7o,2021-01-16 16:34:09 UTC
h076DeX_Z-o,2021-01-16 14:36:06 UTC
GKiLEgAzFDQ,2021-01-16 14:29:55 UTC
wCm17ul0ukc,2021-01-16 14:20:38 UTC
hjpF8ukSrvk,2021-01-16 14:20:08 UTC
avv2IIdDnnk,2021-01-16 14:13:13 UTC
cc6JAwM29_Y,2021-01-16 14:09:43 UTC
nI53Ebk2jeI,2021-01-16 13:58:59 UTC
GSJdhd0stAg,2021-01-16 13:57:53 UTC
mZxv6Xhb6yk,2021-01-16 13:48:02 UTC
wpKWAfoW9dY,2021-01-16 13:41:48 UTC
0YWtJdcdz9I,2021-01-16 13:38:40 UTC
3hOlhzbjZ8Q,2021-01-16 13:32:00 UTC
0voploUwbKA,2021-01-16 13:28:28 UTC
pQb8yWxHTf8,2021-01-15 06:04:34 UTC
2w0ZJfsjjsI,2021-01-14 12:02:32 UTC
otPB54Wxf5c,2021-01-13 05:12:27 UTC
F8D9kspzXyE,2021-01-12 18:54:34 UTC
YPHn4xSvjNM,2021-01-12 18:51:18 UTC
SWjtQVt-Gp4,2021-01-12 14:39:54 UTC
uYg6hTHHK18,2021-01-12 10:44:21 UTC
Oz9SqdsbH8Y,2021-01-09 03:23:46 UTC
DY-7adE4EVM,2021-01-08 18:40:38 UTC
PmC9FsfUzy0,2021-01-08 16:38:56 UTC
jn5nTfnysfk,2021-01-08 11:20:31 UTC
41ThhBx1CAQ,2021-01-08 05:37:14 UTC
xAz_DzPUjrM,2021-01-07 06:04:25 UTC
vAKg267JgBE,2021-01-05 17:33:57 UTC
RPGcCvUf-mQ,2021-01-05 17:28:08 UTC
xFIfV2_L7rE,2021-01-05 12:46:59 UTC
fQDEUU1lyZQ,2021-01-04 06:02:19 UTC
CD8s2ijE0Fk,2021-01-04 03:10:44 UTC
FS-Pm7ZUu90,2021-01-02 10:41:48 UTC
ME5PkJwbwhY,2021-01-02 09:56:30 UTC
AeUeLzBO0go,2021-01-02 09:28:47 UTC
H0lbHMlM0CU,2021-01-01 17:16:56 UTC
YmOFafc0Z6o,2021-01-01 07:17:32 UTC
5_ta6FGCdnQ,2021-01-01 03:22:21 UTC
MPTUxl50PkY,2020-12-31 18:34:52 UTC
jmyDo0CgEX0,2020-12-31 08:52:25 UTC
fxeiOe-X6g4,2020-12-31 07:20:25 UTC
9enP5t05wFU,2020-12-30 14:39:55 UTC
5_8MAhaoyVk,2020-12-30 13:03:48 UTC
3n1aC2TYXIA,2020-12-30 10:02:14 UTC
SzOKjTm81zI,2020-12-30 02:15:45 UTC
Nfpg4sJTDxo,2020-12-29 14:05:33 UTC
wiwsbg_tf4o,2020-12-29 07:31:14 UTC
 -aDQgfM9o5Q,2020-12-29 04:24:23 UTC
oilVq8-F4_Q,2020-12-28 13:34:23 UTC
U2h1Cp_tl4A,2020-12-27 16:02:53 UTC
oVi5gtzTDx0,2020-12-27 13:28:12 UTC
4Be-eJLO8ig,2020-12-26 17:24:16 UTC
zLAhRiUeJ8E,2020-12-26 05:35:11 UTC
sOdJMGVFYAg,2020-12-25 17:51:31 UTC
BL5c6twuuaY,2020-12-25 16:30:38 UTC
NVKbnXRXQog,2020-12-25 07:05:23 UTC
nHER1RmSqA8,2020-12-25 05:13:54 UTC
lCOhfHjrx-c,2020-12-24 18:03:43 UTC
DkXmBGyi6Ic,2020-12-24 17:53:58 UTC
p1VA2_7pHT0,2020-12-24 17:25:53 UTC
MJoodVM2Uvs,2020-12-24 17:15:09 UTC
 -_3CKsvALVg,2020-12-24 17:08:44 UTC
bW-fnl60L4I,2020-12-24 17:06:41 UTC
5fRCWtQcnS8,2020-12-24 13:40:09 UTC
eYoINidnLRQ,2020-12-24 11:34:07 UTC
uNGmyQ8UbZ8,2020-12-24 11:08:05 UTC
8ui9umU0C2g,2020-12-24 10:56:03 UTC
0Hegd4xNfRo,2020-12-24 10:50:45 UTC
bnXkMNyc794,2020-12-24 10:32:33 UTC
zlxDu7WSWss,2020-12-23 11:23:52 UTC
8foWYFO5eLA,2020-12-23 11:16:20 UTC
cAwLIYC4DVA,2020-12-23 09:14:04 UTC
4v4oBZ_Ka6I,2020-12-23 04:33:19 UTC
hyk9G2YYtEc,2020-12-22 06:26:07 UTC
Q8jDi2LHNNs,2020-12-22 03:19:57 UTC
zrp98BddP8Q,2020-12-21 11:31:35 UTC
5H4ekRWiW6U,2020-12-21 03:50:27 UTC
B3JcHWCA-VA,2020-12-19 15:23:42 UTC
16u8Uq_oqXE,2020-12-19 03:45:26 UTC
nOubjLM9Cbc,2020-12-16 15:07:10 UTC
0G383538qzQ,2020-12-16 14:58:24 UTC
tQ3HWIsZXPM,2020-12-16 06:28:04 UTC
9PvIIn6cc1M,2020-12-15 14:41:35 UTC
Tw4w0Qh-d08,2020-12-14 15:13:02 UTC
wmw1zzMVdao,2020-12-12 14:43:28 UTC
rZ6cWDmh02E,2020-12-12 13:29:54 UTC
Wnk50AiVo2k,2020-12-10 15:27:23 UTC
YEReRb8rDCw,2020-12-10 08:57:57 UTC
JRLFr6THaTI,2020-12-09 06:55:53 UTC
RrIV6tnuQG0,2020-12-08 06:06:43 UTC
e4TFD2PfVPw,2020-12-07 15:12:36 UTC
XWsyCcpzORA,2020-12-07 12:00:59 UTC
s1QCL9AGbO0,2020-12-07 11:13:19 UTC
pkeDBwsIaZw,2020-12-07 10:39:07 UTC
f2JuxM-snGc,2020-12-07 08:06:52 UTC
p5m7VKuTXDw,2020-12-07 07:40:07 UTC
J0DjcsK_-HY,2020-12-07 07:39:37 UTC
nzsMGm9m-kE,2020-12-07 03:39:53 UTC
IltQHVT7qZk,2020-12-06 12:03:47 UTC
yAv5pLO37mE,2020-12-06 11:17:45 UTC
 -Og7FCO5hMg,2020-12-04 15:25:52 UTC
c0PAqxbGXsg,2020-12-04 15:24:28 UTC
ZKEK5mVTOEo,2020-12-04 15:14:23 UTC
6bUGvgjU7SI,2020-12-03 16:26:48 UTC
zRCyDSFnZfQ,2020-12-03 14:02:13 UTC
hl5oUp3Da8E,2020-12-03 12:45:00 UTC
QuqM1GyLWh8,2020-12-03 12:05:05 UTC
eWc9hvNV3ko,2020-12-03 11:58:20 UTC
3OC2aPCuzjo,2020-12-03 11:48:54 UTC
jNQXAC9IVRw,2020-11-30 09:11:41 UTC
6T5zc36sAIE,2020-11-30 07:21:22 UTC
oacUgWXrqwc,2020-11-30 07:12:57 UTC
t3BmrWXYif0,2020-11-30 07:04:27 UTC
bS2CUgShupI,2020-11-30 07:02:12 UTC
K8-J8V8cwTU,2020-11-30 06:49:50 UTC
psZuC10Oa4E,2020-11-30 06:43:13 UTC
zFVRF7v6cn4,2020-11-30 06:36:18 UTC
j7sTHoeH0eA,2020-11-30 06:33:41 UTC
WqxE-zppu30,2020-11-30 06:24:24 UTC
I5IHmwn6aGE,2020-11-30 06:14:50 UTC
AMGTUg_mECQ,2020-11-30 06:01:15 UTC
paEL56RnMxc,2020-11-30 05:10:26 UTC
LaVLwZvg7ac,2020-11-30 04:47:03 UTC
mCgorrefSDA,2020-11-30 04:45:09 UTC
TBVETELcmv0,2020-11-29 08:44:50 UTC
TLRoz3Qmbwc,2020-11-29 08:35:14 UTC
rCCZwYlRdiI,2020-11-29 08:23:54 UTC
_Jh54sLPCmg,2020-11-29 08:19:47 UTC
I4naSX97jJU,2020-11-28 19:19:23 UTC
95gARpetzUA,2020-11-28 16:49:26 UTC
OpVgKIneORY,2020-11-28 10:02:37 UTC
ZKE1DVGAhKc,2020-11-28 09:59:44 UTC
urpZm6_zKZE,2020-11-28 08:13:11 UTC
fsgHoOq7NuA,2020-11-28 08:00:58 UTC
VXQaSFCJUSE,2020-11-28 07:59:10 UTC
-4HNVYH6qms,2020-11-28 07:47:38 UTC
ksS1GhMFhFI,2020-11-28 07:45:53 UTC
yNDb_JnZRbU,2020-11-28 06:42:26 UTC
mZ17vt_L3Ro,2020-11-28 06:37:42 UTC
EcD0nAoa9rM,2020-11-28 06:35:45 UTC
AF2QeKx-A0Y,2020-11-28 06:11:52 UTC
x-cLk_SFGsk,2020-11-28 06:06:11 UTC
0Gii0cT5Z5g,2020-11-27 14:49:23 UTC
ErIV6taf4gM,2020-11-27 13:31:49 UTC
k6wrdosFtt0,2020-11-27 13:16:24 UTC
ueLjlkWkH88,2020-11-27 13:03:29 UTC
QrVl7mgVSg0,2020-11-27 12:56:16 UTC
37KCNl-vyT8,2020-11-27 12:52:13 UTC
OAYuMygPkbI,2020-11-26 14:48:14 UTC
7OaKSeEX3ow,2020-11-26 13:51:28 UTC
0bWt81vhIyY,2020-11-26 04:56:39 UTC
hKmDGWv9gRk,2020-11-25 07:28:38 UTC
IbSahhXr9JU,2020-11-24 14:16:00 UTC
LxIxgXlh5A0,2020-11-24 12:07:21 UTC
NuoExBBUHxE,2020-11-24 12:00:25 UTC
wVuTSfRIUpU,2020-11-24 08:11:05 UTC
1hrUaOrIQR4,2020-11-22 15:37:25 UTC
Cj8t5EJoXNs,2020-11-22 13:09:07 UTC
6MsIZPoer7w,2020-11-21 17:05:45 UTC
0xHOZvUCJhI,2020-11-21 16:56:22 UTC
_6YyHxgZJMA,2020-11-21 13:54:17 UTC
GvVLGHAbF1U,2020-11-20 17:32:20 UTC
gKO6JT2lWDk,2020-11-20 17:22:26 UTC
hHGSd_hm8Zc,2020-11-20 17:13:24 UTC
ZnvhKavR_Mw,2020-11-20 15:50:29 UTC
Ft8lBPRqU6o,2020-11-20 15:15:38 UTC
8k2FThlauWY,2020-11-20 14:57:28 UTC
ePFOJxTQWTc,2020-11-20 09:31:03 UTC
fF0_sZpERdo,2020-11-20 07:13:19 UTC
xbPwaAFHDG8,2020-11-19 09:24:52 UTC
O9erZxJ8KtM,2020-11-19 06:53:31 UTC
bf_u5cb8SlU,2020-11-18 13:35:57 UTC
GUJ4Ek5xuQA,2020-11-18 13:21:44 UTC
iLWR9ZlMyZg,2020-11-18 13:21:42 UTC
9cHnPCZ2qS8,2020-11-18 09:38:36 UTC
85r9gP4w8Pw,2020-11-18 05:47:57 UTC
wv9hwyu1_Ug,2020-11-17 14:08:14 UTC
NXftpgA-BKc,2020-11-17 14:03:44 UTC
2QcSvOSXTBc,2020-11-17 13:56:23 UTC
hRvrj_diWYQ,2020-11-17 13:48:48 UTC
yRVotpLaCD4,2020-11-17 13:46:52 UTC
WmcBE2wg8Vc,2020-11-17 13:34:30 UTC
nkvg9c9oczM,2020-11-17 13:16:10 UTC
Q3_vX-I16I0,2020-11-17 13:11:04 UTC
khnokW3Mw24,2020-11-17 12:16:32 UTC
dEI7oX0XxJw,2020-11-16 16:28:21 UTC
fdCupyYt_BA,2020-11-16 11:19:32 UTC
TymRe8UrPWI,2020-11-16 10:22:12 UTC
cLNm04UiHi0,2020-11-15 16:30:12 UTC
LFJrdFyk5gs,2020-11-15 13:58:26 UTC
ZM_Gamwxvtc,2020-11-15 13:24:37 UTC
MzVKsltzYdI,2020-11-15 13:17:14 UTC
k_L5ONAiDAE,2020-11-15 10:19:00 UTC
1wBEC-M9Shs,2020-11-14 15:25:11 UTC
bTs8f38xwv0,2020-11-14 15:21:24 UTC
gt3Fwn2aM20,2020-11-14 15:18:54 UTC
BeGU_em4wgQ,2020-11-14 15:08:38 UTC
ljRAR8LXo1k,2020-11-14 14:57:00 UTC
8irByPA40xM,2020-11-14 14:39:52 UTC
fe4EK4HSPkI,2020-11-14 14:08:00 UTC
fM1S9S-Q2sU,2020-11-14 14:04:45 UTC
gi439Wul758,2020-11-13 08:14:13 UTC
M0nP4AkXml0,2020-11-13 07:29:09 UTC
SrTBHKcus4M,2020-11-13 07:07:40 UTC
lQLT3k66l_Y,2020-11-12 16:34:27 UTC
bukPjk5zdLc,2020-11-11 11:44:50 UTC
tbdpv7G_PPg,2020-11-11 11:10:13 UTC
nOJSmXSFCWk,2020-11-11 11:05:02 UTC
IGLVMBTIAPE,2020-11-11 02:17:25 UTC
DZISUqrxI54,2020-11-10 11:07:34 UTC
c0qxGPRDdtM,2020-11-10 10:53:51 UTC
um-B0HL8ID8,2020-11-10 07:53:02 UTC
x23mAFDL0o0,2020-11-10 07:43:22 UTC
z86-S122rLU,2020-11-10 07:28:05 UTC
c6B0SHIt4Lw,2020-11-10 07:06:28 UTC
MwQd828yKkM,2020-11-10 07:01:30 UTC
3wy_QjOFJl4,2020-11-10 06:57:31 UTC
PPu3G7umUro,2020-11-09 16:37:00 UTC
8RDZXfPgbH0,2020-11-09 16:32:16 UTC
FvfwDwTRK9o,2020-11-09 16:30:41 UTC
KjeKiIa7XEk,2020-11-09 03:41:17 UTC
AYxDFeyo4NM,2020-11-08 18:05:43 UTC
DSqvSO4Llzw,2020-11-08 16:21:18 UTC
pQsF3pzOc54,2020-11-08 14:39:40 UTC
b_0uyWTeqsw,2020-11-08 12:54:03 UTC
2fSAEDfAGMA,2020-11-07 17:04:28 UTC
qafSZZl0_tY,2020-11-07 15:03:00 UTC
7fKlAJUKduk,2020-11-07 14:49:54 UTC
l-rjYVI3OMo,2020-11-07 14:04:56 UTC
tLEC4Eq1r4E,2020-11-07 13:46:29 UTC
wSTYIyQxfPQ,2020-11-07 13:42:48 UTC
4EzVTg7qx7k,2020-11-07 13:28:57 UTC
KT06acweumY,2020-11-07 13:27:12 UTC
tmozGmGoJuw,2020-11-07 12:29:34 UTC
47EbYNhjrJc,2020-11-07 12:28:56 UTC
0yK4PZsYo10,2020-11-07 12:23:32 UTC
NESBAG9hcts,2020-11-07 12:18:38 UTC
OcCRZkeqFY8,2020-11-07 06:34:04 UTC
RdVskKOvp2Y,2020-11-06 18:02:54 UTC
Ic9GqqssVfs,2020-11-06 17:55:43 UTC
appVdYONbrY,2020-11-06 17:51:19 UTC
ZjuA_o6Jzyo,2020-11-06 17:44:05 UTC
MaH_WX8CS7c,2020-11-06 17:36:18 UTC
A3gvcgPXlNo,2020-11-06 16:58:27 UTC
q6azqrFDXfY,2020-11-06 16:51:17 UTC
B8HAsgFtg2U,2020-11-06 16:48:02 UTC
NeiqMuky3oo,2020-11-06 16:30:14 UTC
gWBG1j_flrg,2020-11-06 16:26:19 UTC
Lkv2zF2Bgq0,2020-11-06 16:19:46 UTC
2g5xkLqIElU,2020-11-06 15:17:58 UTC
yPQfcG-eimk,2020-11-06 15:09:21 UTC
G-UnzRM24IM,2020-11-06 15:04:10 UTC
2C9Z5zO4g6c,2020-11-05 18:23:56 UTC
gR3Osz_5r14,2020-11-05 16:24:15 UTC
TEhbaOYNGkM,2020-11-05 16:09:00 UTC
u4ki6crz1EU,2020-11-05 16:05:25 UTC
Wb6VsjwjinA,2020-11-05 14:19:29 UTC
0Zg0QXb7xTc,2020-11-05 13:44:34 UTC
MIweJM5BSgA,2020-11-05 13:25:35 UTC
Mwi9E-ztPuU,2020-11-05 13:09:24 UTC
bPept2gfdbQ,2020-11-05 12:39:39 UTC
yDlty38M_ZE,2020-11-05 07:58:38 UTC
BfjNxls7C5I,2020-11-05 07:52:33 UTC
P9ZuQG7f-vY,2020-11-05 07:44:37 UTC
RPlxDjqJPaA,2020-11-05 07:33:32 UTC
YIWKpgUH7BY,2020-11-05 07:24:49 UTC
dChqaYS7NUg,2020-11-05 07:24:45 UTC
pgXozIma-Oc,2020-11-05 07:10:13 UTC
1d3iOGIB10I,2020-11-05 06:47:07 UTC
XikBQSfdqAM,2020-11-05 06:45:16 UTC
hViNmzEIxFs,2020-11-05 06:31:45 UTC
iXQUu5Dti4g,2020-11-05 06:04:52 UTC
GdJP11JwLos,2020-11-05 04:48:25 UTC
iNGfYnyv9BU,2020-11-05 02:50:54 UTC
YKFcJ7fczSc,2020-11-05 02:49:20 UTC
WbStK7zCi2I,2020-11-04 18:01:20 UTC
I-phCYa7k0c,2020-11-04 17:56:56 UTC
t6W9FFDF1mk,2020-11-04 17:50:16 UTC
UURm6TA_unI,2020-11-04 17:45:10 UTC
v2vOzRL35Gw,2020-11-04 17:04:02 UTC
VDFjxixY7RI,2020-11-04 11:40:33 UTC
cit_qcfg7rU,2020-11-04 11:35:04 UTC
5mKX21of0sM,2020-11-04 11:30:09 UTC
zv8fu8NhCTQ,2020-11-04 10:44:18 UTC
ALYIbE4fPEw,2020-11-03 17:12:04 UTC
q8kuCATyU54,2020-11-03 17:04:35 UTC
oxn6MZHMLqs,2020-11-03 15:31:48 UTC
05mMkQo5K14,2020-11-03 15:16:45 UTC
z-vFSFZ-h2o,2020-11-03 15:14:43 UTC
aEEA-AemHnA,2020-11-03 15:07:58 UTC
LEZ9f7SJCTA,2020-11-03 15:07:51 UTC
i-uoGllwlts,2020-11-03 14:59:20 UTC
wum5mdl1uG8,2020-11-03 14:28:43 UTC
vraZrWRjmZQ,2020-11-02 17:34:56 UTC
xk3BACzKXhY,2020-11-02 17:28:10 UTC
mTLQhPFx2nM,2020-11-02 17:06:12 UTC
QQVa4xCf8JY,2020-11-02 17:01:07 UTC
 -N6OZS0qIkM,2020-11-02 16:53:45 UTC
SRNw0z7y2pI,2020-11-02 15:57:06 UTC
1jbp5mb6AUU,2020-11-02 15:46:34 UTC
yoyIhZiTsfA,2020-11-02 14:56:57 UTC
S1KNYqEpI2w,2020-11-02 14:22:49 UTC
kQoOASpMLWk,2020-11-02 14:17:11 UTC
9M-Iinvaxcs,2020-11-02 13:54:20 UTC
1SRO1VTIuMs,2020-11-02 13:44:07 UTC
2C-JiJdw1hU,2020-11-02 11:20:47 UTC
x-xTttimcNk,2020-11-01 14:52:36 UTC
eBlfrTGjujk,2020-11-01 14:38:38 UTC
TRt4hQs3nH0,2020-11-01 14:16:06 UTC
Efa6BAWPm9o,2020-11-01 14:11:53 UTC
FFDYuO53BUk,2020-11-01 14:03:13 UTC
y6lfK3bH4z8,2020-11-01 13:56:09 UTC
SsaFBNvhceA,2020-11-01 13:47:07 UTC
BXqPNlng6uI,2020-11-01 13:06:23 UTC
ghb6eDopW8I,2020-11-01 11:23:06 UTC
pgWZQr7r0l0,2020-10-30 15:31:04 UTC
wIgmyE5Juzw,2020-10-30 15:16:27 UTC
 -E-_IRJU5w0,2020-10-30 15:10:58 UTC
RwISVSxhjTc,2020-10-30 05:33:37 UTC
5S983xQVoGQ,2020-10-29 18:05:09 UTC
tjiKTO3KTv0,2020-10-29 17:50:07 UTC
xYQeo6jJOZU,2020-10-29 16:41:02 UTC
Q5tedKwfN4Q,2020-10-29 16:18:39 UTC
WTC1vlhzmeI,2020-10-29 15:40:39 UTC
Ti8YPQF6hlM,2020-10-29 15:27:09 UTC
PrZ9m0HZ8_o,2020-10-29 15:25:20 UTC
aQVPNLfGhU8,2020-10-29 15:22:36 UTC
RNBDvPmhlvk,2020-10-29 15:18:52 UTC
K_OU-mZXL04,2020-10-29 15:16:10 UTC
0CQqLx9SDcA,2020-10-29 15:13:02 UTC
7JYA9QrS5X4,2020-10-29 15:05:19 UTC
GdAgdGU_r6M,2020-10-29 15:01:16 UTC
t6WrKU37yAM,2020-10-29 14:58:34 UTC
4DyV0hWOdQw,2020-10-29 14:32:45 UTC
vWYuNOmKf4w,2020-10-29 14:29:20 UTC
gHwXNHXldi0,2020-10-28 16:11:41 UTC
KsSDnNcrvrA,2020-10-28 06:17:10 UTC
Rg-9BodUhag,2020-10-28 03:56:39 UTC
vqOWT6VlKNc,2020-10-28 03:27:30 UTC
hB2ru2Xmpu8,2020-10-27 13:45:13 UTC
mPymRFeTJa4,2020-10-27 09:58:13 UTC
kUWtPmnEhS0,2020-10-27 06:27:07 UTC
5KDr8adae3M,2020-10-27 05:00:01 UTC
Id7sNLNAYyA,2020-10-26 19:47:56 UTC
1p0ck5We5sU,2020-10-26 09:18:45 UTC
n_7gkhSjSjY,2020-10-26 05:54:23 UTC
lt3XRzJtnFw,2020-10-25 15:55:40 UTC
ENJZshdeuWI,2020-10-25 13:41:40 UTC
WV_a4_uqnJI,2020-10-25 13:40:19 UTC
QDwZzDJ2278,2020-10-25 13:28:55 UTC
HvenI4etMW4,2020-10-25 13:23:53 UTC
3SWXKmi30XY,2020-10-25 13:13:36 UTC
1ATI4VFSpwI,2020-10-25 12:56:28 UTC
QMtnZLWB608,2020-10-25 12:52:17 UTC
6HMOfpBul5g,2020-10-25 12:41:56 UTC
0NMwculmIGA,2020-10-25 12:38:19 UTC
OYGaPEg1PIU,2020-10-25 12:30:59 UTC
ZoYOJ_2F5Jg,2020-10-25 12:10:22 UTC
KxgNsN4yjLQ,2020-10-25 11:55:28 UTC
B7gyPjAjhys,2020-10-25 11:52:43 UTC
9RCSru8wkZM,2020-10-24 15:19:57 UTC
H-WJnp8vMVQ,2020-10-24 06:12:30 UTC
3jxiD3Up3mw,2020-10-23 07:30:16 UTC
gFo6pX-oJ9w,2020-10-23 04:24:20 UTC
woykVFF9UtQ,2020-10-22 18:50:01 UTC
zkhsZpM8jqY,2020-10-22 18:08:42 UTC
cH6oXDATV4Y,2020-10-22 17:59:53 UTC
ulOgzjdBdzY,2020-10-22 17:57:20 UTC
54W8kktFE_o,2020-10-22 04:39:47 UTC
8UXircX3VdM,2020-10-22 04:39:36 UTC
rZHPCcFmEjc,2020-10-18 17:33:52 UTC
sng_CdAAw8M,2020-10-17 16:57:36 UTC
bqSnxyQje5M,2020-10-17 13:40:06 UTC
dDDulcqQEuc,2020-10-17 13:14:29 UTC
54fea7wuV6s,2020-10-17 07:55:19 UTC
fdixQDPA2h0,2020-10-16 17:44:48 UTC
IJrKlSkxRHA,2020-10-16 17:29:28 UTC
hWxlCLtm06A,2020-10-16 16:57:44 UTC
t3T9kdNeUSE,2020-10-16 16:53:45 UTC
tQcMVhoP5m4,2020-10-16 14:53:31 UTC
sbqN4AlgPxY,2020-10-16 13:59:53 UTC
YeNXFVev8Jg,2020-10-15 18:45:34 UTC
YxbeynIfzd8,2020-10-15 18:31:47 UTC
zfcHq0hhFWg,2020-10-15 14:44:36 UTC
rF1sfqnp8kk,2020-10-15 06:36:47 UTC
IQE8hp0mK0o,2020-10-15 05:18:58 UTC
1t2BAVzJVL4,2020-10-14 03:37:28 UTC
353lHGbvu8o,2020-10-13 12:03:08 UTC
fTJ0Pvt56aI,2020-10-13 10:12:24 UTC
33v8Bqyx84o,2020-10-13 08:47:00 UTC
KGdxEV0sdXc,2020-10-12 15:19:12 UTC
feA64wXhbjo,2020-10-12 10:09:45 UTC
EMqRGcOeRkw,2020-10-11 16:58:19 UTC
Bv12KhnJomc,2020-10-10 16:44:58 UTC
u4HQevc9JE0,2020-10-10 16:29:35 UTC
qE0UimODxNg,2020-10-10 08:38:39 UTC
6AHxjNULeKY,2020-10-10 03:04:21 UTC
MpGL_VHBdj0,2020-10-09 19:12:10 UTC
j2mAhI-gdKY,2020-10-09 17:15:58 UTC
EWLqdAJbu0A,2020-10-09 15:47:52 UTC
qjgnOP8f5NU,2020-10-09 15:38:25 UTC
RmvZoFvxfEU,2020-10-09 06:55:00 UTC
yWkq7btSQvs,2020-10-08 05:32:57 UTC
U6esp_3LDFo,2020-10-07 17:55:43 UTC
_U9epQ-0I8k,2020-10-07 12:33:28 UTC
qm0ru2iBuB0,2020-10-07 09:58:19 UTC
mU4rBmcRQtM,2020-10-07 07:55:12 UTC
SKO8N72zVMk,2020-10-07 07:46:13 UTC
6t57DnsRll8,2020-10-07 07:41:48 UTC
 -KjgUh-Xes8,2020-10-07 07:41:23 UTC
E0J2LObdT-g,2020-10-07 04:03:51 UTC
iVg30U6O764,2020-10-06 18:27:12 UTC
wX8vpzU_i_c,2020-10-06 17:59:14 UTC
RbV6GyWHQxM,2020-10-06 15:58:38 UTC
9sInStA3t5Q,2020-10-06 15:42:08 UTC
VLAAy_pM-k8,2020-10-06 07:05:25 UTC
erpH8JWa9tk,2020-09-30 06:37:56 UTC
KBse9Y6zucs,2020-09-29 18:44:49 UTC
PLEXd_P6A0s,2020-09-27 14:50:01 UTC
 -kkz4spTT-I,2020-09-27 14:42:01 UTC
edpLqHYp4XY,2020-09-27 13:59:20 UTC
ZWpvMm27WIM,2020-09-27 13:55:17 UTC
jmGhtIOBlhI,2020-09-26 11:26:40 UTC
4UDVG5DDxDA,2020-09-26 08:12:16 UTC
XrvTSdsKvHI,2020-09-25 18:27:21 UTC
XAE4Sm1D5OM,2020-09-25 15:21:24 UTC
jPTGvl5Ebqg,2020-09-25 08:23:51 UTC
TV1FOmqsjkg,2020-09-25 08:19:53 UTC
9aSDrXKZEK8,2020-09-25 08:08:06 UTC
0nCYgT-rVSo,2020-09-25 07:53:14 UTC
slcRVQU5tMY,2020-09-25 07:17:56 UTC
-35p_HdQHtY,2020-09-24 15:20:23 UTC
1xRYiBXt66c,2020-09-24 14:32:08 UTC
zoae8_0HG1Y,2020-09-24 14:28:26 UTC
FkUsQcyuksc,2020-09-24 14:25:15 UTC
_QodWMTypvc,2020-09-24 14:20:48 UTC
2KAzYYTH2EY,2020-09-24 13:53:33 UTC
ZC6mEJ5i5y8,2020-09-24 12:48:20 UTC
KLiDpOoLXpY,2020-09-24 12:27:58 UTC
sDsdLfvmNms,2020-09-24 12:21:58 UTC
EM1t8H_PE78,2020-09-24 11:57:00 UTC
7NLdNjJIRsc,2020-09-24 07:12:30 UTC
appDLak18JA,2020-09-24 06:46:06 UTC
FdCVwE8tpLs,2020-09-24 06:10:49 UTC
Ubt_qaac_wM,2020-09-24 05:59:09 UTC
CQbyPnfDhjc,2020-09-23 17:32:57 UTC
xywkL4f7jLU,2020-09-23 17:25:19 UTC
mDl2J3qivBQ,2020-09-23 17:25:05 UTC
6e3qnMmeApE,2020-09-23 16:39:46 UTC
bDdXe51yphI,2020-09-22 16:10:17 UTC
ncSf8Nk3aq4,2020-09-22 15:17:28 UTC
TfEkDqP34xo,2020-09-22 08:23:23 UTC
TH5yudv2xT4,2020-09-22 03:34:30 UTC
96wDhimQ6nw,2020-09-21 15:42:19 UTC
da9PDzt53WA,2020-09-21 15:06:18 UTC
TOS2HcQ0soM,2020-09-21 12:52:57 UTC
i63yumCNdJs,2020-09-21 08:38:33 UTC
W-Khe7DInxo,2020-09-21 07:53:16 UTC
9_RxaeN0FGw,2020-09-20 07:23:18 UTC
a69toGGjoO0,2020-09-20 07:17:48 UTC
XknJuVuwrIU,2020-09-20 07:07:13 UTC
uzVFPWWHHsE,2020-09-20 06:45:13 UTC
Uy9V_v-XV8Q,2020-09-19 03:47:23 UTC
YkkKUARRpeU,2020-09-18 06:38:13 UTC
R90kVBcVgE8,2020-09-18 06:34:02 UTC
_zUW0lebtYg,2020-09-16 15:39:34 UTC
BUNizvVQx5U,2020-09-16 15:20:01 UTC
Tw0zYd0eIlk,2020-09-14 15:03:52 UTC
WBtVjjLtEY8,2020-09-14 03:01:27 UTC
 -d91Qn8QUks,2020-09-13 13:00:37 UTC
Vz3Lq3AGsaM,2020-09-12 03:47:25 UTC
CnkFFbLp2xk,2020-09-12 03:40:29 UTC
RSzXK0mUHdg,2020-09-12 03:36:24 UTC
EgQQkQrPJ2I,2020-09-12 03:32:32 UTC
2bOigld3D1k,2020-09-12 03:27:34 UTC
MI18Wk4gxA4,2020-09-11 16:25:07 UTC
DoA8hKBltV4,2020-09-11 16:24:25 UTC
4n2qub96qB0,2020-09-11 10:34:57 UTC
3iCifD8gZ0Q,2020-09-11 10:33:10 UTC
UQFnUq4_YhY,2020-09-10 12:42:03 UTC
1e65rEVbZe4,2020-09-10 08:52:16 UTC
E9H933ttaYo,2020-09-10 07:29:26 UTC
0cjpAz5iUnA,2020-09-10 07:01:59 UTC
LHsVtH0CS7I,2020-09-10 06:27:15 UTC
GE2oX0ra1M8,2020-09-10 06:15:46 UTC
Wgw6tJ8yz9M,2020-09-10 05:50:30 UTC
k-3roAbOIw4,2020-09-10 05:35:52 UTC
1cS_i-zDdxg,2020-09-10 05:25:54 UTC
WCSuv56YwQQ,2020-09-10 05:11:40 UTC
SjgMmo6_DH0,2020-09-10 05:03:00 UTC
T1n72aCdwdU,2020-09-10 05:00:36 UTC
7OopD1mdbL8,2020-09-10 04:50:58 UTC
0sYbYUumvu4,2020-09-10 04:47:16 UTC
aX-wZdRYlWE,2020-09-10 04:13:04 UTC
jMjTOhqQ2Bs,2020-09-10 04:07:32 UTC
mce4_VEtel4,2020-09-08 14:52:10 UTC
2qUCyW7ewPs,2020-09-08 05:49:28 UTC
h1YM8h_wsI0,2020-09-08 05:02:56 UTC
NC7cmWkBoz4,2020-09-08 05:02:33 UTC
s8LtrwbEUow,2020-09-08 04:29:04 UTC
IDgR3FNlsUM,2020-09-08 04:22:57 UTC
fs39HrID1eM,2020-09-08 03:07:43 UTC
jM9oQfK5H9w,2020-09-08 02:59:53 UTC
2QEbjqUG7vU,2020-09-08 02:59:28 UTC
up5DEICL_Q0,2020-09-07 15:16:35 UTC
8-LewaeKejM,2020-09-07 15:11:10 UTC
nyuo9-OjNNg,2020-09-07 15:02:27 UTC
zM1KK2xX4_w,2020-09-07 14:26:57 UTC
NEjOzDFzx10,2020-09-07 13:11:24 UTC
DTc1w32Vbeo,2020-09-07 12:49:11 UTC
szvFmW_oxeY,2020-09-07 12:43:57 UTC
S8rzewm2hhE,2020-09-06 14:06:16 UTC
LdyabrdFMC8,2020-09-06 13:56:46 UTC
eu0KsZ_MVBc,2020-09-06 13:53:34 UTC
wI8fL77-0e0,2020-09-04 11:16:36 UTC
WJ9-xN6dCW4,2020-09-03 13:27:49 UTC
9sfYpolGCu8,2020-09-03 10:11:56 UTC
t3bjPGUDl1k,2020-09-03 06:15:47 UTC
PcoxBKOCxqY,2020-09-02 11:38:29 UTC
M9Et0bQ1xaw,2020-09-01 14:15:40 UTC
JJS5ywEIsA4,2020-09-01 13:14:12 UTC
Tj-4gZ9fuGE,2020-08-21 15:11:33 UTC
YTH8cxXBGBo,2020-08-20 16:57:06 UTC
cpU7Yrl-AwM,2020-08-12 15:54:42 UTC
jb1SkDjaXk8,2020-08-04 11:08:06 UTC
BjC0KUxiMhc,2020-07-30 16:00:56 UTC
dZX6Q-Bj_xg,2020-07-26 12:37:03 UTC
lbb316gp78A,2020-07-15 07:27:58 UTC
X4Q7d0CtYyk,2020-07-13 13:29:16 UTC
hC8CH0Z3L54,2020-07-13 13:12:26 UTC
M1N_wbhAfQ4,2020-07-10 13:44:36 UTC
erqpdc9W8F8,2020-07-07 12:28:31 UTC
RBtlPT23PTM,2020-06-27 15:38:40 UTC
nxR2wB5U0BM,2020-06-19 06:37:50 UTC
2SxIdgrT1ug,2020-06-09 06:39:43 UTC
pKz_fMAbtCw,2020-06-04 13:05:41 UTC
RaKXCrogzfk,2020-06-03 17:05:07 UTC
WHt2qg91F18,2020-06-03 15:32:54 UTC
VgwcPiCjQ-0,2020-06-02 13:49:43 UTC
1cYogvYXAtQ,2020-06-01 07:55:42 UTC
Tj08Ni3tklw,2020-05-28 15:15:58 UTC
GB_S2qFh5lU,2020-05-28 14:38:38 UTC
4WTt69YO2VI,2020-05-28 14:34:21 UTC
IbdBPGTiRKw,2020-05-28 14:30:40 UTC
uk1HDuecP00,2020-05-28 14:22:56 UTC
dPSmWFGkCw4,2020-05-28 14:17:17 UTC
1_pICv1FxnY,2020-05-28 14:07:42 UTC
RsUFhE1h-X0,2020-04-21 15:30:35 UTC
1ScK3FIkaGA,2020-04-21 15:30:32 UTC
Beu0imD8-wc,2020-04-21 15:30:27 UTC
B-d_cJOj4S4,2020-04-21 15:30:25 UTC
XYn1JVBJz8U,2020-04-21 15:15:28 UTC
jVxXNsVITzk,2020-04-21 15:00:30 UTC
PubywPZUkPc,2020-04-20 04:11:43 UTC
2ky0avfevdY,2020-03-19 08:01:25 UTC
8b96lTo4zKA,2020-03-15 17:53:57 UTC
XS3B6yagGpg,2020-03-04 06:49:23 UTC
aANF2OOVX40,2020-01-03 03:08:10 UTC
2IE3T9mcqyM,2019-12-05 15:45:26 UTC
AS3b70pLYEU,2019-11-30 16:05:53 UTC
TRHFnl7VLzU,2019-10-20 12:00:40 UTC
EF837zAnLGI,2019-09-21 04:57:22 UTC
KtlgYxa6BMU,2019-09-09 18:14:13 UTC
7PIMiDcwNvc,2019-08-24 18:10:30 UTC
SAcBHJT4m4Q,2019-06-26 09:58:22 UTC
FfgrV7i5jrA,2019-06-18 09:17:15 UTC
QUuo_yUyBCk,2019-06-13 03:56:57 UTC
feYv2wZFbb0,2019-05-05 05:28:14 UTC
38a7L60SLJs,2019-04-15 12:36:48 UTC
snBOMFCM8YM,2019-04-12 10:39:48 UTC
B-nEYsyRlYo,2019-04-06 04:21:23 UTC
FjVbzUtWoKQ,2019-04-06 04:12:28 UTC
3_pE46HQvyE,2019-03-28 04:57:09 UTC
Okp_koWyy-Y,2019-03-26 18:23:54 UTC
iV5VKdcQOJE,2019-03-22 11:57:40 UTC
uE8Kx8Gqpfg,2019-03-21 16:20:55 UTC
8GIVhozP2P0,2019-03-20 05:40:19 UTC
LEU1DfcJg4E,2019-03-16 16:54:36 UTC
GoxNcCYKaN0,2019-03-15 14:16:05 UTC
GDQoRxQULqE,2019-03-15 09:57:36 UTC
agdObcVqqMU,2019-03-14 16:00:12 UTC
x47TgeRJtH0,2019-03-10 12:10:50 UTC
RfU8TUZRtZg,2019-03-07 13:47:45 UTC
U3ee2RMQYns,2019-03-06 12:38:02 UTC
bVG2OQp6jEQ,2019-03-06 08:15:27 UTC
QxJhrwyn0M4,2019-02-23 13:55:25 UTC
ZccTeZHXqDU,2019-02-02 05:25:58 UTC
NdbobkI23pw,2019-01-11 11:54:27 UTC
8quMliXCIV4,2019-01-06 13:30:24 UTC
oUKQm8lVUCE,2019-01-03 13:22:11 UTC
OqJ1fPEDGSo,2019-01-02 08:15:10 UTC
_lMlsPQJs6U,2019-01-01 18:17:10 UTC
vKH-rcO6PA8,2019-01-01 18:08:57 UTC
ivfspJOAtBI,2019-01-01 13:14:54 UTC
H_slT5YpBok,2019-01-01 08:40:33 UTC
OngXoBitIJY,2018-12-31 14:18:46 UTC
By_Cn5ixYLg,2018-12-31 14:05:59 UTC
Utp8ZcNZAYo,2018-12-31 13:57:04 UTC
UWBC2bv5O7U,2018-12-30 18:18:51 UTC
tXMPRK2LQAE,2018-12-30 15:20:07 UTC
WnikCuQtFOw,2018-12-29 16:28:39 UTC
GCdwKhTtNNw,2018-12-27 17:23:53 UTC
P_SlAzsXa7E,2018-12-26 05:23:24 UTC
1y5xJ3jNO50,2018-12-25 17:29:14 UTC
zaIsVnmwdqg,2018-12-23 17:30:10 UTC
dX1x3Qa3vQk,2018-12-22 08:59:41 UTC
bwjF3QWCrXA,2018-12-21 07:23:49 UTC
W4aJ6soykE4,2018-12-13 09:40:20 UTC
L1T8qLDsc60,2018-12-12 08:59:41 UTC
UOi10RkM7JM,2018-05-10 17:24:09 UTC
D2sizaZk_jY,2017-05-14 12:41:43 UTC
LLi_9durZoc,2017-05-06 16:51:47 UTC
ga54Hl8AIMY,2017-03-06 05:10:28 UTC
